[{"model": "sessions.session", "pk": "5f97dxrj86ay0ire0izjef22np6i24ye", "fields": {"session_data": ".eJxVjDkOwjAQAP_iGlk-4thLSZ83WLveNQmgRMpRIf6OLKWAdmY0b5Xx2Md8bLLmidVVWasuv5CwPGVuhh843xddlnlfJ9It0afd9LCwvG5n-zcYcRvbl1LsjLcg3FkKyRnoKUHvQgFG572DGCN1oRIL2xDBJCwkVaqHlEB9vt8lN5c:1udQcP:MS1FoMhVWe7hwS1Chjnfabvax5BP4axQUwmH5KxLiGc", "expire_date": "2025-08-03T09:46:05.266Z"}}, {"model": "sessions.session", "pk": "6llljik9hw8piftm1tlqg9q70w5pl1k9", "fields": {"session_data": ".eJxVjLsOAiEUBf-F2hDecC3t_QZyecmqgWTZrYz_riRbaDsz57yIx32rfh959UsiZyLI6ZcFjI_cpkh3bLdOY2_bugQ6E3rYQa895eflaP8OKo76XStgwBVyyYITWiQTpUEbstWsYNSWATitYlFGS6N5mVwIWwpIB1lY8v4As2w2nA:1uCgHp:3kcegD4PdyUnuSB88DS04bVstoVK-cadVxq93MJSb7M", "expire_date": "2025-05-21T15:02:17.891Z"}}, {"model": "sessions.session", "pk": "jl20bcm5a94c9a45ury34n8lggszfxh9", "fields": {"session_data": ".eJxVjMsOwiAQRf-FtSFAebp07zcQhhmkaiAp7cr479qkC93ec859sZi2tcZt0BJnZGcm2el3g5Qf1HaA99Runefe1mUGviv8oINfO9Lzcrh_BzWN-q1NVsZZSEToUQcvJSg9qUzgSkEpyJQpBAVTdl4FFSBojSZbUbxIZC17fwDsxDfl:1uGzOr:ypw2kbbLGylKV_k66Q7m1i-uVVGvAwEYJl8gWND1JPU", "expire_date": "2025-06-02T12:15:21.443Z"}}, {"model": "sessions.session", "pk": "kt0ka6d45ww9vmmnhs5bz51sc7y8ainy", "fields": {"session_data": ".eJxVjMsOwiAQRf-FtSFAebp07zcQhhmkaiAp7cr479qkC93ec859sZi2tcZt0BJnZGcm2el3g5Qf1HaA99Runefe1mUGviv8oINfO9Lzcrh_BzWN-q1NVsZZSEToUQcvJSg9qUzgSkEpyJQpBAVTdl4FFSBojSZbUbxIZC17fwDsxDfl:1uCyRD:wi9I8Z2NWP5816K3wQN80KxdVrUNoywPW5_rl5X3ypQ", "expire_date": "2025-05-22T10:25:11.317Z"}}, {"model": "sessions.session", "pk": "ln6ht09jgdj62yig5xoo47xm8cgu72na", "fields": {"session_data": ".eJxVjMsOwiAQRf-FtSFAebp07zcQhhmkaiAp7cr479qkC93ec859sZi2tcZt0BJnZGcm2el3g5Qf1HaA99Runefe1mUGviv8oINfO9Lzcrh_BzWN-q1NVsZZSEToUQcvJSg9qUzgSkEpyJQpBAVTdl4FFSBojSZbUbxIZC17fwDsxDfl:1uDoo9:5y0_ZNAu116LhxDL8GEe4fw6pUrtKC0LQghhlg2GszA", "expire_date": "2025-05-24T18:20:21.852Z"}}, {"model": "sessions.session", "pk": "nyp2s1vl6s5iu5z3q95aj5ogdgopbq5p", "fields": {"session_data": ".eJxVjMsOwiAQRf-FtSFAebp07zcQhhmkaiAp7cr479qkC93ec859sZi2tcZt0BJnZGcm2el3g5Qf1HaA99Runefe1mUGviv8oINfO9Lzcrh_BzWN-q1NVsZZSEToUQcvJSg9qUzgSkEpyJQpBAVTdl4FFSBojSZbUbxIZC17fwDsxDfl:1uCwzQ:C9neeQGwheBXBi4iGg5fCLR5LnYlSCuUoss0rBI5j6E", "expire_date": "2025-05-22T08:52:24.109Z"}}, {"model": "sessions.session", "pk": "sjiaxd1wlcjtrnysmkuszbrsp81otf24", "fields": {"session_data": ".eJxVjDsOwjAQBe_iGlm248-Gkp4zWOvdNQmgRIqTCnF3iJQC2jcz76UybuuQtyZLHlmdlY3q9DsWpIdMO-E7TrdZ0zyty1j0ruiDNn2dWZ6Xw_07GLAN37p4nwASAQY0lRz3IB5rAYouOLFdMKUjIoRoJUUSYwJL5b46kK4X9f4AGnQ41g:1wfE3r:6eOOuc0wSJcjqLpMO8M6BAKST6pfliWfKXLpcg0lvcQ", "expire_date": "2026-07-16T09:50:23.185Z"}}, {"model": "users.user", "fields": {"password": "pbkdf2_sha256$1200000$2jCAoAPSZpTSu5NrgPL233$P3uJJ1DJZHUEYFrlTuHfDnOmyA+7MFgjYL9arKcqzio=", "last_login": null, "is_superuser": false, "username": "Gowthamr", "first_name": "", "last_name": "", "email": "gtham4708@gmail.com", "is_staff": false, "is_active": true, "date_joined": "2025-05-19T12:47:47Z", "role": "instructor", "groups": [], "user_permissions": []}}, {"model": "users.user", "fields": {"password": "pbkdf2_sha256$1000000$zxB0ffnu0JWLEttCJEXVWI$AnYUER/pLbRHaoV5g3H3ZDtvC+JC1kUUXrnfZaha984=", "last_login": "2025-07-20T09:44:44Z", "is_superuser": true, "username": "gowtham", "first_name": "", "last_name": "", "email": "gowtham@gmail.com", "is_staff": true, "is_active": true, "date_joined": "2025-07-20T09:44:22Z", "role": "admin", "groups": [], "user_permissions": []}}, {"model": "users.user", "fields": {"password": "pbkdf2_sha256$1200000$Aai9VrZ8tUA849WTn5zF6Y$u6saAp8zdkVnObZeozxJJZbh/B3MUlW5ZLSMHhCMKdE=", "last_login": null, "is_superuser": false, "username": "Gowtham", "first_name": "", "last_name": "", "email": "rajanna5136@gmail.com", "is_staff": false, "is_active": true, "date_joined": "2025-07-20T12:20:31Z", "role": "student", "groups": [], "user_permissions": []}}, {"model": "users.user", "fields": {"password": "pbkdf2_sha256$1200000$Ghv17a7aOGUaGDu8xfUKg3$Tqh+nJ0nnajJfeXLmUNrQXj/Rpv49uatOmeG3M4nEE0=", "last_login": null, "is_superuser": false, "username": "gowfdghnfgdfdg", "first_name": "", "last_name": "", "email": "rajanna657576@gmail.com", "is_staff": false, "is_active": true, "date_joined": "2026-07-01T07:06:25.416Z", "role": "student", "groups": [], "user_permissions": []}}, {"model": "users.user", "fields": {"password": "pbkdf2_sha256$1000000$CkJb1O26g8yyZyRuskDWht$TamljTPcq06azyri46OpbBjpNi3DTnBFVHg9EoPvOag=", "last_login": null, "is_superuser": false, "username": "rajanna5136", "first_name": "", "last_name": "", "email": "rajanna5135656566@gmail.com", "is_staff": false, "is_active": true, "date_joined": "2026-07-01T07:06:49.448Z", "role": "student", "groups": [], "user_permissions": []}}, {"model": "users.user", "fields": {"password": "pbkdf2_sha256$1200000$cvyql3yhtH6dFdBnJjP5Wy$K6qN+/Kw/+IWppksTTtNm/XRd9Ti8q5FbH/sWLcRxbA=", "last_login": null, "is_superuser": true, "username": "gowthamr", "first_name": "", "last_name": "", "email": "gothamr@gmail.com", "is_staff": true, "is_active": true, "date_joined": "2026-07-02T09:43:20.352Z", "role": "", "groups": [], "user_permissions": []}}, {"model": "users.user", "fields": {"password": "pbkdf2_sha256$1000000$ITRiaEAylcOQkprdYvEokC$wIXXH96PujMTSNXLKb8IkJNjwyzZXJ1ztW5XQi9nXCI=", "last_login": "2026-07-02T09:48:23Z", "is_superuser": true, "username": "mango", "first_name": "", "last_name": "", "email": "mango@gmail.com", "is_staff": true, "is_active": true, "date_joined": "2026-07-02T09:47:59Z", "role": "admin", "groups": [], "user_permissions": []}}, {"model": "courses.course", "pk": 14, "fields": {"title": "The Complete Python Bootcamp From Zero to Hero in Python", "description": "Become a Python Programmer and learn one of employer's most requested skills of 2023!\r\n\r\nThis is the most comprehensive, yet straight-forward, course for the Python programming language on Udemy! Whether you have never programmed before, already know basic syntax, or want to learn about the advanced features of Python, this course is for you! In this course we will teach you Python 3.\r\n\r\nWith over 100 lectures and more than 21 hours of video this comprehensive course leaves no stone unturned! This course includes quizzes, tests, coding exercises and homework assignments as well as 3 major projects to create a Python project portfolio!\r\n\r\nLearn how to use Python for real-world tasks, such as working with PDF Files, sending emails, reading Excel files, Scraping websites for informations, working with image files, and much more!\r\n\r\nThis course will teach you Python in a practical manner, with every lecture comes a full coding screencast and a corresponding code notebook! Learn in whatever manner is best for you!", "instructor": ["Gowthamr"], "price": "39.00", "image": "course_images/bbc63ced56f1_w240.webp", "created_at": "2025-05-19T12:50:33.571Z"}}, {"model": "courses.course", "pk": 15, "fields": {"title": "Python for Data Science and Machine Learning Bootcamp", "description": "Description\r\nAre you ready to start your path to becoming a Data Scientist! \r\n\r\nThis comprehensive course will be your guide to learning how to use the power of Python to analyze data, create beautiful visualizations, and use powerful machine learning algorithms!\r\n\r\nData Scientist has been ranked the number one job on Glassdoor and the average salary of a data scientist is over $120,000 in the United States according to Indeed! Data Science is a rewarding career that allows you to solve some of the world's most interesting problems!\r\n\r\nThis course is designed for both beginners with some programming experience or experienced developers looking to make the jump to Data Science!\r\n\r\nThis comprehensive course is comparable to other Data Science bootcamps that usually cost thousands of dollars, but now you can learn all that information at a fraction of the cost! With over 100 HD video lectures and detailed code notebooks for every lecture this is one of the most comprehensive course for data science and machine learning on Udemy!", "instructor": ["Gowthamr"], "price": "31.00", "image": "course_images/1_31ne7XmQ_fvDRA6FiGrFFA.webp", "created_at": "2025-05-19T12:53:46.121Z"}}, {"model": "courses.course", "pk": 16, "fields": {"title": "Modern Artificial Intelligence Masterclass: Build 6 Projects", "description": "Artificial Intelligence (AI) revolution is here!\r\n\r\n“Artificial Intelligence market worldwide is projected to grow by US$284.6 Billion driven by a compounded growth of 43. 9%. Deep Learning, one of the segments analyzed and sized in this study, displays the potential to grow at over 42. 5%.” (Source: globenewswire).\r\n\r\nAI is the science that empowers computers to mimic human intelligence such as decision making, reasoning, text processing, and visual perception. AI is a broader general field that entails several sub-fields such as machine learning, robotics, and computer vision.\r\n\r\nFor companies to become competitive and skyrocket their growth, they need to leverage AI power to improve processes, reduce cost and increase revenue. AI is broadly implemented in many sectors nowadays and has been transforming every industry from banking to healthcare, transportation and technology.\r\n\r\nThe demand for AI talent has exponentially increased in recent years and it’s no longer limited to Silicon Valley! According to Forbes, AI Skills are among the most in-demand for 2020.", "instructor": ["Gowthamr"], "price": "41.00", "image": "course_images/c2bfcd11973c_w240.webp", "created_at": "2025-05-19T12:54:56.450Z"}}, {"model": "courses.course", "pk": 17, "fields": {"title": "Quantum computing - Quantum computing Processing with Python", "description": "Welcome to the best Natural Language Processing course on the internet! This course is designed to be your complete online resource for learning how to use Natural Language Processing with the Python programming language.\r\n\r\nIn the course we will cover everything you need to learn in order to become a world class practitioner of NLP with Python.\r\n\r\nWe'll start off with the basics, learning how to open and work with text and PDF files with Python, as well as learning how to use regular expressions to search for custom patterns inside of text files.\r\n\r\nAfterwards we will begin with the basics of Natural Language Processing, utilizing the Natural Language Toolkit library for Python, as well as the state of the art Spacy library for ultra fast tokenization, parsing, entity recognition, and lemmatization of text.\r\n\r\nWe'll understand fundamental NLP concepts such as stemming, lemmatization, stop words, phrase matching, tokenization and more!", "instructor": ["Gowthamr"], "price": "22.00", "image": "course_images/natural-language-processing-nlp-1024x538.png", "created_at": "2025-05-19T12:56:10.279Z"}}, {"model": "courses.course", "pk": 18, "fields": {"title": "React - The Complete Guide 2025 (incl. Next.js, Redux)", "description": "This bestselling course by the author of \"React Key Concepts\" has turned more students into ReactJS developers than any other courses - more than 900,000 and counting!\r\n\r\n-\r\n\r\nUpdated December 2024:\r\n\r\nFully updated for React 19!\r\n\r\n- Added brand-new section on \"Form Actions\" (introduced by React 19)\r\n\r\n- Added brand-new section on React Server Components (stable with React 19)\r\n\r\n- Updated multiple lectures to adjust for smaller changes due to React 19\r\n\r\nUpdated earlier 2024:\r\n\r\nAdded brand-new content (~3h) on the NextJS App Router\r\n\r\nAdded a brand-new \"Best Practices & Patterns\" section\r\n\r\nUpdated 2023:\r\n\r\nUpdated the entire first half of the course (re-recorded lectures, other half was updated at beginning of year already)!\r\n\r\nImproved explanations & demo projects. Course now covers even more key concepts & best practices.\r\n\r\nAdded brand-new section on React Query (Tanstack Query)", "instructor": ["Gowthamr"], "price": "42.00", "image": "course_images/db1977eaa5d2.jpg", "created_at": "2025-05-19T12:57:37.606Z"}}, {"model": "courses.course", "pk": 19, "fields": {"title": "The Complete JavaScript Course 2025: From Zero to Expert!", "description": "The #1 bestselling JavaScript course on Udemy!\r\n\r\nJust updated with ES2024 and ES2025!\r\n\r\n\"Really, really well made course. Super in-depth, with great challenges and projects that will solidify your Javascript understanding. I found the lectures were paced perfectly -- Jonas doesn't skip over anything that might be useful to a JS developer\" — Carson Bartholomew\r\n\r\n\r\n\r\nJavaScript is the most popular programming language in the world. It powers the entire modern web. It provides millions of high-paying jobs all over the world.\r\n\r\nThat's why you want to learn JavaScript too. And you came to the right place!\r\n\r\n\r\n\r\nWhy is this the right JavaScript course for you?\r\n\r\nThis is the most complete and in-depth JavaScript course on Udemy (and maybe the entire internet!). It's an all-in-one package that will take you from the very fundamentals of JavaScript, all the way to building modern and complex applications.\r\n\r\nYou will learn modern JavaScript from the very beginning, step-by-step. I will guide you through practical and fun code examples, important theory about how JavaScript works behind the scenes, and beautiful and complete projects.", "instructor": ["Gowthamr"], "price": "42.00", "image": "course_images/images.jpeg", "created_at": "2025-05-19T12:59:04.755Z"}}, {"model": "courses.course", "pk": 20, "fields": {"title": "The Web Developer Bootcamp 2025", "description": "Now with over 10 hours of React content.\r\n\r\nMassive new React \"expansion pack\" covers: React basics, JSX, props, state, Vite, MaterialUI, hooks, useEffect, React design patterns, and more.\r\n\r\nHi! Welcome to the brand new version of The Web Developer Bootcamp, Udemy's most popular web development course.  This course was completely overhauled to prepare students for the current job market, now with over 70 hours of total content! This is the only course you need to learn web development. There are a lot of options for online developer training, but this course is without a doubt the most comprehensive and effective on the market.  Here's why:\r\n\r\nThis is the only Udemy course taught by a professional bootcamp instructor with a track record of success.\r\n\r\n92% of my in-person bootcamp students go on to get full-time developer jobs. Most of them are complete beginners when I start working with them.\r\n\r\nThe previous 2 bootcamp programs that I taught cost $14,000 and $21,000.  This course is just as comprehensive but with latest modern content for a fraction of the price.\r\n\r\nEverything I cover is up-to-date and relevant to the current developer job market. This course does not cut any corners. I spent 8 months redoing this behemoth of a course!\r\n\r\nWe build 13+ projects, including a gigantic production application called YelpCamp. No other course walks you through the creation of such a substantial application.\r\n\r\nThe course is constantly updated with new content, projects, and modules.  Think of it as a subscription to a never-ending supply of developer training.\r\n\r\nYou get to meet my cats and chickens!", "instructor": ["Gowthamr"], "price": "38.99", "image": "course_images/maxresdefault.jpg", "created_at": "2025-05-19T13:00:39.054Z"}}, {"model": "courses.course", "pk": 21, "fields": {"title": "Automate the Boring Stuff with Python Programming", "description": "If you're an office worker, student, administrator, or just want to become more productive with your computer, programming will allow you write code that can automate tedious tasks. This course follows the popular (and free!) book, Automate the Boring Stuff with Python.\r\n\r\nAutomate the Boring Stuff with Python was written for people who want to get up to speed writing small programs that do practical tasks as soon as possible. You don't need to know sorting algorithms or object-oriented programming, so this course skips all the computer science and concentrates on writing code that gets stuff done.\r\n\r\nThis course is for complete beginners and covers the popular Python programming language. You'll learn basic concepts as well as:\r\n\r\nWeb scraping\r\nParsing PDFs and Excel spreadsheets\r\nAutomating the keyboard and mouse\r\nSending emails and texts\r\nAnd several other practical topics\r\nBy the end of this course, you'll be able to write code that not only dramatically increases your productivity, but also be able to list this fun and creative skill on your resume.", "instructor": ["Gowthamr"], "price": "42.00", "image": "course_images/images_2.jpeg", "created_at": "2025-05-19T13:01:58.825Z"}}, {"model": "courses.course", "pk": 22, "fields": {"title": "The Ultimate Beginners Guide to Natural Language Processing", "description": "The area of ​​Natural Language Processing (NLP) is a subarea of ​​Artificial Intelligence that aims to make computers capable of understanding human language, both written and spoken. Some examples of practical applications are: translators between languages, translation from text to speech or speech to text, chatbots, automatic question and answer systems (Q&A), automatic generation of descriptions for images, generation of subtitles in videos, classification of sentiments in sentences, among many others! Learning this area can be the key to bringing real solutions to present and future needs!\r\n\r\nBased on that, this course was designed for those who want to grow or start a new career in Natural Language Processing, using the spaCy and NLTK (Natural Language Toolkit) libraries and the Python programming language! SpaCy was developed with the focus on use in production and real environments, so it is possible to create applications that process a lot of data. It can be used to extract information, understand natural language and even preprocess texts for later use in deep learning models.\r\n\r\nThe course is divided into three parts:\r\n\r\nIn the first one, you will learn the most basic natural language processing concepts, such as: part-of-speech, lemmatization, stemming, named entity recognition, stop words, dependency parsing, word and sentence similarity and tokenization\r\n\r\nIn the second part, you will learn more advanced topics, such as: preprocessing function, word cloud, text summarization, keyword search, bag of words, TF-IDF (Term Frequency - Inverse Document Frequency), and cosine similarity. We will also simulate a chatbot that can answer questions about any subject you want!\r\n\r\nFinally, in the third and last part of the course, we will create a sentiment classifier using a real Twitter dataset! We will implement the classifier using NLTK, TF-IDF and also the spaCy library", "instructor": ["Gowthamr"], "price": "39.00", "image": "course_images/images_3.jpeg", "created_at": "2025-05-19T13:03:07.993Z"}}, {"model": "courses.course", "pk": 23, "fields": {"title": "Intro to Natural Language Processing (NLP) in Python for AI", "description": "Are you passionate about Artificial Intelligence and Natural Language Processing?\r\n\r\nDo you want to pursue a career as a data scientist or as an AI engineer?\r\n\r\nIf that’s the case, then this is the perfect course for you!\r\n\r\nIn this Intro to Natural Language Processing in Python course you will explore essential topics for working with text data. Whether you want to create custom text classifiers, analyze sentiment, or explore concealed topics, you’ll learn how NLP works and obtain the tools and concepts necessary to tackle these challenges.\r\n\r\nNatural language processing is an exciting and rapidly evolving field that fundamentally impacts how we interact with technology. In this course, you’ll learn to unlock the power of natural language processing and will be equipped with the knowledge and skills to start working on your own NLP projects.\r\n\r\nThe training offers you access to high quality Full HD videos and practical coding exercises. This is a format that facilitates easy comprehension and interactive learning. One of the biggest advantages of all trainings produced by 365 Data Science is their structure. This course makes no exception. The well-organized curriculum ensures you will have an amazing experience.\r\n\r\nYou won’t need prior natural language processing training to get started—just basic Python skills and familiarity with machine learning.", "instructor": ["Gowthamr"], "price": "39.00", "image": "course_images/images_4.jpeg", "created_at": "2025-05-19T13:04:55.942Z"}}, {"model": "courses.lesson", "pk": 16, "fields": {"course": 23, "title": "Introduction to Natural Language Processing (NLP)", "content": "1. What is NLP?\r\n\r\nNatural Language Processing (NLP) is a field of Artificial Intelligence (AI) that focuses on the interaction between computers and humans using natural language. It enables machines to read, understand, and derive meaning from human languages.\r\n\r\n2. Real-World Applications of NLP\r\n\r\nChatbots (e.g., ChatGPT, Siri, Alexa)\r\n\r\nMachine Translation (e.g., Google Translate)\r\n\r\nSentiment Analysis (used in social media and marketing)\r\n\r\nSpam Detection (in emails)\r\n\r\nSpeech Recognition (e.g., voice typing)\r\n\r\nText Summarization\r\n\r\n\r\n3. Key NLP Tasks\r\n\r\n4. Basic Terminologies\r\n\r\nCorpus: A large collection of text.\r\n\r\nStop Words: Common words like “the”, “is”, “in” that are often removed during processing.\r\n\r\nVectorization: Converting text into numerical format for machine learning models.\r\n\r\nBag of Words (BoW): A simple representation of text based on word occurrence.\r\n\r\n\r\n5. Popular NLP Libraries\r\n\r\nNLTK (Natural Language Toolkit): Good for learning and prototyping.\r\n\r\nspaCy: Industrial-strength NLP in Python.\r\n\r\nTextBlob: Simplified NLP for beginners.\r\n\r\nTransformers (by Hugging Face): State-of-the-art models for NLP tasks.\r\n\r\n\r\n6. Getting Started with an Example (Python)", "order": 20, "image": "", "video": "lesson_videos/Natural_Language_Processing_In_5_Minutes___What_Is_NLP_And_How_Does_It_Wor_4kuLNS2.mp4"}}, {"model": "courses.lesson", "pk": 17, "fields": {"course": 15, "title": "complete lesson on Machine Learning (ML)", "content": "complete lesson on Machine Learning (ML) suitable for beginner-level learners, along with 5 quiz questions at the end.\r\n\r\n\r\n---\r\n\r\nLesson: Introduction to Machine Learning (ML)\r\n\r\n1. What is Machine Learning?\r\n\r\nMachine Learning is a branch of Artificial Intelligence (AI) that enables computers to learn from data and improve their performance on tasks without being explicitly programmed.\r\n\r\nIn simple terms, ML is about teaching computers to learn from experience (data).\r\n\r\n\r\n---\r\n\r\n2. Why is Machine Learning Important?\r\n\r\nMachine Learning is used in various domains to:\r\n\r\nPredict stock prices\r\n\r\nFilter spam emails\r\n\r\nRecommend products (e.g., Amazon, Netflix)\r\n\r\nDiagnose diseases\r\n\r\nRecognize images or speech\r\n\r\n\r\n\r\n---\r\n\r\n3. Types of Machine Learning\r\n\r\n\r\n---\r\n\r\n4. Key ML Terminologies\r\n\r\nModel: The system that makes predictions or decisions.\r\n\r\nTraining Data: Data used to train the model.\r\n\r\nFeatures: Input variables used to make predictions.\r\n\r\nLabels: The actual output in supervised learning.\r\n\r\nAlgorithm: The method used to train the model (e.g., Linear Regression).\r\n\r\n\r\n\r\n---\r\n\r\n5. Common Algorithms\r\n\r\n\r\n---\r\n\r\n6. Sample Python Code (Linear Regression with scikit-learn)\r\n\r\nfrom sklearn.linear_model import LinearRegression\r\nimport numpy as np\r\n\r\n# Training data\r\nX = np.array([[1], [2], [3], [4]])  # Features\r\ny = np.array([2, 4, 6, 8])          # Labels\r\n\r\n# Model training\r\nmodel = LinearRegression()\r\nmodel.fit(X, y)\r\n\r\n# Predict\r\nprint(\"Prediction for input 5:\", model.predict([[5]]))\r\n\r\nOutput:\r\n\r\nPrediction for input 5: [10.]", "order": 25, "image": "", "video": "lesson_videos/ml.mp4"}}, {"model": "courses.lesson", "pk": 18, "fields": {"course": 21, "title": "beginner-level lesson on Python programming", "content": "This is ideal for a Learning Management System (LMS) or a classroom setting.\r\n\r\n\r\n---\r\n\r\nLesson: Introduction to Python Programming\r\n\r\n1. What is Python?\r\n\r\nPython is a high-level, interpreted programming language known for its simplicity, readability, and wide range of applications, from web development and data science to automation and artificial intelligence.\r\n\r\n2. Why Learn Python?\r\n\r\nEasy to learn and read\r\n\r\nLarge standard library\r\n\r\nGreat community support\r\n\r\nWidely used in industries (Google, Netflix, NASA, etc.)\r\n\r\nCross-platform (Windows, macOS, Linux)\r\n\r\n\r\n3. Basic Syntax and Structure\r\n\r\nPython uses indentation to define blocks of code (instead of curly braces or keywords).\r\n\r\n# This is a comment\r\nprint(\"Hello, World!\")  # Output: Hello, World!\r\n\r\n\r\n---\r\n\r\n4. Variables and Data Types\r\n\r\nname = \"Alice\"         # String\r\nage = 25               # Integer\r\nheight = 5.6           # Float\r\nis_student = True      # Boolean\r\n\r\n\r\n---\r\n\r\n5. Conditional Statements\r\n\r\nif age > 18:\r\n    print(\"Adult\")\r\nelse:\r\n    print(\"Minor\")\r\n\r\n\r\n---\r\n\r\n6. Loops\r\n\r\n# For loop\r\nfor i in range(5):\r\n    print(i)\r\n\r\n# While loop\r\ni = 0\r\nwhile i < 5:\r\n    print(i)\r\n    i += 1\r\n\r\n\r\n---\r\n\r\n7. Functions\r\n\r\ndef greet(name):\r\n    return \"Hello, \" + name\r\n\r\nprint(greet(\"Alice\"))  # Output: Hello, Alice\r\n\r\n\r\n---\r\n\r\n8. Common Python Libraries\r\n\r\nNumPy – Numerical computations\r\n\r\nPandas – Data manipulation\r\n\r\nMatplotlib – Data visualization\r\n\r\nFlask/Django – Web development\r\n\r\nTkinter – GUI apps", "order": 16, "image": "", "video": "lesson_videos/Python_-_Introduction_-_W3Schools.com360p.mp4"}}, {"model": "courses.lesson", "pk": 19, "fields": {"course": 16, "title": "Lesson: Modern Artificial Intelligence (AI)", "content": "Lesson: Modern Artificial Intelligence (AI)\r\n\r\n1. What is Artificial Intelligence?\r\n\r\nArtificial Intelligence (AI) refers to the ability of machines or computer programs to perform tasks that typically require human intelligence. These include learning, reasoning, problem-solving, perception, and language understanding.\r\n\r\n\r\n---\r\n\r\n2. Evolution of AI\r\n\r\n1950s–1980s: Rule-based systems (symbolic AI)\r\n\r\n1990s–2000s: Machine learning algorithms gained popularity\r\n\r\n2010s–Present: Deep learning and neural networks revolutionized AI applications\r\n\r\n\r\n\r\n---\r\n\r\n3. Modern Branches of AI\r\n\r\n\r\n---\r\n\r\n4. Real-World Applications of AI\r\n\r\nHealthcare: Diagnosis, drug discovery, medical imaging\r\n\r\nFinance: Fraud detection, stock market prediction\r\n\r\nTransportation: Self-driving cars, traffic prediction\r\n\r\nEntertainment: Recommendations (Netflix, YouTube)\r\n\r\nBusiness: Chatbots, customer analytics, automation\r\n\r\n\r\n\r\n---\r\n\r\n5. Key Technologies Behind Modern AI\r\n\r\nNeural Networks (including CNNs and RNNs)\r\n\r\nTransformers (used in ChatGPT, BERT)\r\n\r\nLarge Language Models (LLMs): Trained on massive text data for language tasks\r\n\r\nGenerative AI: Models like DALL·E, Midjourney, and Sora for content generation\r\n\r\n\r\n\r\n---\r\n\r\n6. Challenges and Ethical Issues\r\n\r\nBias in algorithms\r\n\r\nPrivacy concerns\r\n\r\nJob displacement\r\n\r\nMisuse of AI (deepfakes, surveillance)\r\n\r\nEnsuring explainability and fairness\r\n\r\n\r\n\r\n---\r\n\r\n7. Future Trends in AI\r\n\r\nGeneral AI (AGI) development\r\n\r\nAI regulation and safety policies\r\n\r\nHuman-AI collaboration\r\n\r\nAI in education, law, and creative industries\r\n\r\nAI-powered assistants and copilots", "order": 76, "image": "", "video": "lesson_videos/Ai.mp4"}}, {"model": "courses.lesson", "pk": 20, "fields": {"course": 18, "title": "React – The Complete Guide 2025 (incl. Next.js, Redux)", "content": "The Complete Guide 2025 (incl. Next.js, Redux)\r\n\r\n1. What is React?\r\n\r\nReact is a JavaScript library for building user interfaces. Developed by Facebook, it allows developers to build fast, scalable, and interactive UIs using reusable components.\r\n\r\nKey Features:\r\n\r\nDeclarative syntax\r\n\r\nComponent-based architecture\r\n\r\nVirtual DOM\r\n\r\nUnidirectional data flow\r\n\r\n\r\n\r\n---\r\n\r\n2. Components in React\r\n\r\nReact components are the building blocks of a UI. They come in two types:\r\n\r\nFunctional Components (modern, preferred)\r\n\r\nClass Components (older, still supported)\r\n\r\n\r\nfunction Welcome(props) {\r\n  return <h1>Hello, {props.name}</h1>;\r\n}\r\n\r\n\r\n---\r\n\r\n3. React Hooks (2025 Updates)\r\n\r\nHooks allow functional components to manage state and side effects.\r\n\r\nuseState() – for local state\r\n\r\nuseEffect() – for lifecycle methods\r\n\r\nuseContext() – for accessing context\r\n\r\nuseReducer() – for more complex state logic\r\n\r\n\r\nconst [count, setCount] = useState(0);\r\n\r\n\r\n---\r\n\r\n4. Next.js Overview (React Framework)\r\n\r\nNext.js is a React framework for production-ready apps with features like:\r\n\r\nFile-based routing\r\n\r\nServer-Side Rendering (SSR) & Static Site Generation (SSG)\r\n\r\nAPI Routes\r\n\r\nFull-stack capabilities\r\n\r\n\r\nExample file-based route:\r\npages/about.js will automatically be available at /about.\r\n\r\n\r\n---\r\n\r\n5. Redux for State Management\r\n\r\nRedux is a state management library useful for large applications with complex state interactions.\r\n\r\nCore Concepts:\r\n\r\nStore – Central state container\r\n\r\nActions – Payloads of information\r\n\r\nReducers – Pure functions to update the state\r\n\r\nDispatch – Triggers state changes\r\n\r\n\r\nRedux Toolkit (RTK) is now the standard way to use Redux efficiently.\r\n\r\n\r\n---\r\n\r\n6. Project Structure (2025 Best Practices)\r\n\r\n/src\r\n  /components\r\n  /pages (Next.js)\r\n  /store (Redux)\r\n  /hooks\r\n  /styles\r\n  /utils\r\n\r\n\r\n---\r\n\r\n7. Key Advancements in 2025\r\n\r\nImproved React Server Components (RSC)\r\n\r\nBetter performance with React Compiler\r\n\r\nBuilt-in streaming with Next.js App Router\r\n\r\nNative support for React 19 features (e.g., use hook)", "order": 56, "image": "", "video": "lesson_videos/React_in_100_Seconds480p.mp4"}}, {"model": "courses.lesson", "pk": 21, "fields": {"course": 19, "title": "The Complete JavaScript Course 2025 – From Zero to Expert!", "content": "From Zero to Expert!\r\n\r\n\r\n---\r\n\r\n1. What is JavaScript?\r\n\r\nJavaScript is a high-level, dynamic programming language used to create interactive behavior on web pages. It's one of the core technologies of the web, alongside HTML and CSS.\r\n\r\nUse Cases:\r\n\r\nDynamic webpage content\r\n\r\nForm validation\r\n\r\nEvent handling\r\n\r\nAsynchronous requests (AJAX)\r\n\r\nGame development\r\n\r\nBackend (Node.js)\r\n\r\n\r\n\r\n---\r\n\r\n2. Modern JavaScript (ES6+ Features)\r\n\r\nJavaScript has evolved significantly. Key features include:\r\n\r\nlet and const for block-scoped variables\r\n\r\nArrow functions () => {}\r\n\r\nTemplate literals: Hello ${name}\r\n\r\nDestructuring: const {name, age} = person;\r\n\r\nSpread & Rest operators: ...\r\n\r\nModules: import/export\r\n\r\nClasses and inheritance\r\n\r\n\r\n\r\n---\r\n\r\n3. Variables and Data Types\r\n\r\nlet name = \"John\";        // String\r\nconst age = 30;           // Number\r\nlet isAdmin = true;       // Boolean\r\nlet user = null;          // Null\r\nlet x;                    // Undefined\r\n\r\n\r\n---\r\n\r\n4. Functions and Arrow Functions\r\n\r\nfunction greet(name) {\r\n  return Hello, ${name};\r\n}\r\n\r\nconst greetArrow = (name) => Hello, ${name};\r\n\r\n\r\n---\r\n\r\n5. DOM Manipulation\r\n\r\nThe DOM (Document Object Model) allows JavaScript to interact with HTML elements.\r\n\r\nconst button = document.querySelector(\"button\");\r\nbutton.addEventListener(\"click\", () => {\r\n  alert(\"Button Clicked!\");\r\n});\r\n\r\n\r\n---\r\n\r\n6. Arrays and Objects\r\n\r\nconst fruits = [\"apple\", \"banana\", \"mango\"];\r\nconst user = {\r\n  name: \"Alice\",\r\n  age: 25,\r\n  greet() {\r\n    return Hi, I'm ${this.name};\r\n  }\r\n};\r\n\r\n\r\n---\r\n\r\n7. Asynchronous JavaScript\r\n\r\nCallbacks\r\n\r\nPromises\r\n\r\nasync/await\r\n\r\n\r\nasync function fetchData() {\r\n  const response = await fetch(\"https://api.example.com/data\");\r\n  const data = await response.json();\r\n  console.log(data);\r\n}\r\n\r\n\r\n---\r\n\r\n8. JavaScript in 2025\r\n\r\nEnhanced TypeScript compatibility\r\n\r\nEdge runtime with Deno and Bun\r\n\r\nBuilt-in module support in modern browsers\r\n\r\nNative support for top-level await\r\n\r\nES2025 features: Records, Tuples (stage 3)", "order": 23, "image": "", "video": "lesson_videos/JavaScript_-_Introduction_-_W3Schools.com720p.mp4"}}, {"model": "courses.lesson", "pk": 22, "fields": {"course": 20, "title": "The Web Developer Bootcamp 2025", "content": "1. What is Web Development?\r\n\r\nWeb development involves building and maintaining websites or web applications. It has three main parts:\r\n\r\nFrontend: What users see (HTML, CSS, JavaScript)\r\n\r\nBackend: Server logic (Node.js, Django, etc.)\r\n\r\nDatabase: Data storage (MongoDB, MySQL)\r\n\r\n\r\n\r\n---\r\n\r\n2. HTML – Structure of the Web\r\n\r\nHTML (HyperText Markup Language) provides the structure of web pages.\r\n\r\n<!DOCTYPE html>\r\n<html>\r\n  <head><title>My Site</title></head>\r\n  <body><h1>Hello, World!</h1></body>\r\n</html>\r\n\r\n\r\n---\r\n\r\n3. CSS – Styling the Web\r\n\r\nCSS (Cascading Style Sheets) controls the layout and design.\r\n\r\nh1 {\r\n  color: blue;\r\n  font-size: 24px;\r\n}\r\n\r\n\r\n---\r\n\r\n4. JavaScript – Interactivity\r\n\r\nJavaScript adds dynamic behavior to web pages.\r\n\r\ndocument.querySelector(\"button\").addEventListener(\"click\", () => {\r\n  alert(\"Button clicked!\");\r\n});\r\n\r\n\r\n---\r\n\r\n5. Responsive Design with Flexbox & Grid\r\n\r\nModern layout systems allow responsive web design:\r\n\r\nFlexbox: One-dimensional layout\r\n\r\nCSS Grid: Two-dimensional layout\r\n\r\n\r\n.container {\r\n  display: flex;\r\n  justify-content: space-between;\r\n}\r\n\r\n\r\n---\r\n\r\n6. Git & GitHub\r\n\r\nVersion control helps track and manage changes in your code.\r\n\r\ngit init, git commit, git push\r\n\r\nGitHub hosts repositories online\r\n\r\n\r\n\r\n---\r\n\r\n7. JavaScript DOM Manipulation\r\n\r\nUse the DOM API to update content on the fly:\r\n\r\ndocument.getElementById(\"demo\").textContent = \"Updated!\";\r\n\r\n\r\n---\r\n\r\n8. Backend with Node.js + Express\r\n\r\nExpress is a Node.js framework used to build APIs:\r\n\r\nconst express = require('express');\r\nconst app = express();\r\napp.get('/', (req, res) => res.send('Hello from Express!'));\r\n\r\n\r\n---\r\n\r\n9. Database with MongoDB\r\n\r\nMongoDB is a NoSQL database used for storing JSON-like data.\r\n\r\nconst user = { name: \"Alice\", age: 25 };\r\n\r\n\r\n---\r\n\r\n10. Deployment with Vercel or Netlify\r\n\r\nYou can deploy frontend projects for free using platforms like:\r\n\r\nVercel (best for Next.js)\r\n\r\nNetlify (static site hosting)\r\n\r\n\r\nBackend can be deployed via:\r\n\r\nRender\r\n\r\nRailway\r\n\r\nHeroku (limited)", "order": 17, "image": "", "video": ""}}, {"model": "courses.lesson", "pk": 23, "fields": {"course": 23, "title": "Intro to Natural Language Processing (NLP) in Python for AI", "content": "1. What is NLP?\r\n\r\nNatural Language Processing (NLP) is a field of AI that focuses on the interaction between computers and human (natural) languages. It allows machines to understand, interpret, and generate human language.\r\n\r\nCommon NLP Applications:\r\n\r\nChatbots\r\n\r\nMachine Translation (e.g., Google Translate)\r\n\r\nSentiment Analysis\r\n\r\nText Summarization\r\n\r\nSpeech Recognition\r\n\r\n\r\n\r\n---\r\n\r\n2. Key Concepts in NLP\r\n\r\nTokenization: Breaking text into words or sentences.\r\n\r\nStop Words: Common words (e.g., is, the) often removed.\r\n\r\nStemming: Reducing words to their base form (e.g., running → run).\r\n\r\nLemmatization: More accurate word normalization (uses vocabulary and grammar).\r\n\r\nNamed Entity Recognition (NER): Identifying names, dates, places in text.\r\n\r\nBag of Words (BoW): Simple representation of text as word counts.\r\n\r\n\r\n\r\n---\r\n\r\n3. Popular NLP Libraries in Python\r\n\r\nNLTK (Natural Language Toolkit)\r\n\r\nspaCy\r\n\r\nTextBlob\r\n\r\nTransformers (Hugging Face)\r\n\r\nScikit-learn (for feature extraction)\r\n\r\n\r\n\r\n---\r\n\r\n4. Sample Python Code\r\n\r\nimport nltk\r\nfrom nltk.tokenize import word_tokenize\r\nfrom nltk.corpus import stopwords\r\n\r\nnltk.download('punkt')\r\nnltk.download('stopwords')\r\n\r\ntext = \"Natural Language Processing with Python is powerful.\"\r\ntokens = word_tokenize(text)\r\nfiltered = [word for word in tokens if word.lower() not in stopwords.words('english')]\r\n\r\nprint(\"Filtered Tokens:\", filtered)\r\n\r\n\r\n---\r\n\r\n5. Advanced Topics\r\n\r\nWord Embeddings: Word2Vec, GloVe, FastText\r\n\r\nTransformer Models: BERT, GPT, RoBERTa\r\n\r\nSentiment Analysis\r\n\r\nText Classification", "order": 19, "image": "", "video": "lesson_videos/Natural_Language_Processing_In_5_Minutes___What_Is_NLP_And_How_Does_It_Wor_IEWk1Yy.mp4"}}, {"model": "courses.lessoncompletion", "pk": 7, "fields": {"student": ["rajanna5136"], "lesson": 17, "completed_on": "2026-07-01T07:11:27.019Z"}}, {"model": "courses.lessoncompletion", "pk": 8, "fields": {"student": ["rajanna5136"], "lesson": 16, "completed_on": "2026-07-03T19:42:13.131Z"}}, {"model": "courses.lessoncompletion", "pk": 9, "fields": {"student": ["rajanna5136"], "lesson": 19, "completed_on": "2026-07-04T12:46:34.312Z"}}, {"model": "courses.enrollment", "pk": 46, "fields": {"student": ["Gowtham"], "course": 17, "enrolled_on": "2025-07-27T10:10:24.732Z", "completed": false}}, {"model": "courses.enrollment", "pk": 47, "fields": {"student": ["rajanna5136"], "course": 17, "enrolled_on": "2026-07-01T07:08:13.564Z", "completed": false}}, {"model": "courses.enrollment", "pk": 48, "fields": {"student": ["rajanna5136"], "course": 16, "enrolled_on": "2026-07-02T10:55:48.788Z", "completed": false}}, {"model": "courses.enrollment", "pk": 49, "fields": {"student": ["rajanna5136"], "course": 14, "enrolled_on": "2026-07-04T13:07:57.098Z", "completed": false}}, {"model": "courses.review", "pk": 29, "fields": {"student": ["rajanna5136"], "course": 16, "rating": 5, "comment": "nothing brov", "created_at": "2026-07-03T19:38:05.188Z"}}, {"model": "courses.payment", "pk": 35, "fields": {"student": ["Gowtham"], "course": 17, "amount": "22.00", "paid": true, "paid_on": "2025-07-27T10:11:24Z"}}, {"model": "courses.payment", "pk": 36, "fields": {"student": ["rajanna5136"], "course": 17, "amount": "22.00", "paid": true, "paid_on": "2026-07-01T07:08:13.560Z"}}, {"model": "courses.payment", "pk": 37, "fields": {"student": ["rajanna5136"], "course": 16, "amount": "41.00", "paid": true, "paid_on": "2026-07-02T10:55:48.783Z"}}, {"model": "courses.payment", "pk": 38, "fields": {"student": ["rajanna5136"], "course": 14, "amount": "39.00", "paid": true, "paid_on": "2026-07-04T13:07:57.091Z"}}, {"model": "courses.quiz", "pk": 13, "fields": {"lesson": 16, "title": "Natural Language Processing (NLP)"}}, {"model": "courses.quiz", "pk": 14, "fields": {"lesson": 17, "title": "a complete lesson on Machine Learning (ML)"}}, {"model": "courses.quiz", "pk": 15, "fields": {"lesson": 18, "title": "Introduction to Python Programming"}}, {"model": "courses.quiz", "pk": 16, "fields": {"lesson": 19, "title": "Modern Artificial Intelligence (AI)"}}, {"model": "courses.quiz", "pk": 17, "fields": {"lesson": 20, "title": "React & Ecosystem"}}, {"model": "courses.quiz", "pk": 18, "fields": {"lesson": 21, "title": "JavaScript Course 2025 – From Zero to Expert!"}}, {"model": "courses.quiz", "pk": 19, "fields": {"lesson": 22, "title": "Web Developer Bootcamp 2025"}}, {"model": "courses.quiz", "pk": 20, "fields": {"lesson": 23, "title": "NLP Basics."}}, {"model": "courses.question", "pk": 18, "fields": {"quiz": 13, "text": "What is the main goal of Natural Language Processing (NLP)?", "choice_a": "Building web applications", "choice_b": "Interpreting and generating human language", "choice_c": "Designing databases", "choice_d": "Creating operating systems", "correct_answer": "B"}}, {"model": "courses.question", "pk": 19, "fields": {"quiz": 13, "text": "Which of the following is not an application of NLP?", "choice_a": "Machine Translation", "choice_b": "Sentiment Analysis", "choice_c": "Face Recognition", "choice_d": "Chatbots", "correct_answer": "C"}}, {"model": "courses.question", "pk": 20, "fields": {"quiz": 13, "text": "What is tokenization in NLP?", "choice_a": "Removing punctuation from text", "choice_b": "Converting text into numerical data", "choice_c": "Splitting text into words or sentences", "choice_d": "Translating text from one language to another", "correct_answer": "C"}}, {"model": "courses.question", "pk": 21, "fields": {"quiz": 13, "text": "Which library is best known for industrial-strength NLP tasks in Python?", "choice_a": "spaCy", "choice_b": "NumPy", "choice_c": "Pandas", "choice_d": "Seaborn", "correct_answer": "A"}}, {"model": "courses.question", "pk": 22, "fields": {"quiz": 13, "text": "In NLP, what is a \"corpus\"?", "choice_a": "A file that stores models", "choice_b": "A single sentence", "choice_c": "A type of neural network", "choice_d": "A large collection of text", "correct_answer": "D"}}, {"model": "courses.question", "pk": 23, "fields": {"quiz": 14, "text": "What is the main goal of Machine Learning?", "choice_a": "Writing complex rules manually", "choice_b": "Teaching computers to learn from data", "choice_c": "Storing and retrieving information", "choice_d": "Designing websites", "correct_answer": "B"}}, {"model": "courses.question", "pk": 24, "fields": {"quiz": 14, "text": "Which of the following is an example of supervised learning?", "choice_a": "Clustering customers", "choice_b": "Playing chess", "choice_c": "Predicting house prices", "choice_d": "Grouping similar images", "correct_answer": "C"}}, {"model": "courses.question", "pk": 25, "fields": {"quiz": 14, "text": "What is the “label” in supervised learning?", "choice_a": "The input data", "choice_b": "The algorithm", "choice_c": "The actual output value", "choice_d": "The model", "correct_answer": "D"}}, {"model": "courses.question", "pk": 26, "fields": {"quiz": 14, "text": "Which library is commonly used in Python for machine learning?", "choice_a": "Flask", "choice_b": "Matplotlib", "choice_c": "NumPy", "choice_d": "scikit-learn", "correct_answer": "D"}}, {"model": "courses.question", "pk": 27, "fields": {"quiz": 14, "text": "Which machine learning type uses reward and punishment to learn?", "choice_a": "Supervised Learning", "choice_b": "Unsupervised Learning", "choice_c": "Reinforcement Learning", "choice_d": "Deep Learning", "correct_answer": "C"}}, {"model": "courses.question", "pk": 28, "fields": {"quiz": 15, "text": "What is the correct syntax to output \"Hello, World!\" in Python?", "choice_a": "echo(\"Hello, World!\")", "choice_b": "print(\"Hello, World!\")", "choice_c": "console.log(\"Hello, World!\")", "choice_d": "println(\"Hello, World!\")", "correct_answer": "B"}}, {"model": "courses.question", "pk": 29, "fields": {"quiz": 15, "text": "Which of the following is a valid variable name in Python?", "choice_a": "1name", "choice_b": "name_1", "choice_c": "name-1", "choice_d": "@name", "correct_answer": "B"}}, {"model": "courses.question", "pk": 30, "fields": {"quiz": 15, "text": "What will this code print?", "choice_a": "No", "choice_b": "Error", "choice_c": "Yes", "choice_d": "Nothing", "correct_answer": "C"}}, {"model": "courses.question", "pk": 31, "fields": {"quiz": 15, "text": "Which keyword is used to define a function in Python?", "choice_a": "function", "choice_b": "define", "choice_c": "func", "choice_d": "def", "correct_answer": "D"}}, {"model": "courses.question", "pk": 32, "fields": {"quiz": 15, "text": "Which of these libraries is used for data analysis in Python?", "choice_a": "pandas", "choice_b": "matplotlib", "choice_c": "tkinter", "choice_d": "flask", "correct_answer": "A"}}, {"model": "courses.question", "pk": 33, "fields": {"quiz": 16, "text": "What does AI stand for?", "choice_a": "Automated Interaction", "choice_b": "Artificial Intelligence", "choice_c": "Advanced Interface", "choice_d": "Algorithmic Integration", "correct_answer": "B"}}, {"model": "courses.question", "pk": 34, "fields": {"quiz": 16, "text": "Which modern AI technique powers image and speech recognition?", "choice_a": "Deep Learning", "choice_b": "Symbolic Reasoning", "choice_c": "Data Mining", "choice_d": "Genetic Algorithms", "correct_answer": "A"}}, {"model": "courses.question", "pk": 35, "fields": {"quiz": 16, "text": "What branch of AI deals with understanding and generating human language?", "choice_a": "Machine Vision", "choice_b": "Robotics", "choice_c": "NLP", "choice_d": "Reinforcement Learning", "correct_answer": "C"}}, {"model": "courses.question", "pk": 36, "fields": {"quiz": 16, "text": "Which of the following is a challenge in modern AI?", "choice_a": "Limited internet access", "choice_b": "Algorithm bias and lack of transparency", "choice_c": "Small model sizes", "choice_d": "High literacy rate", "correct_answer": "B"}}, {"model": "courses.question", "pk": 37, "fields": {"quiz": 16, "text": "What is a Transformer in the context of AI?", "choice_a": "A type of AI robot", "choice_b": "A model architecture for language tasks", "choice_c": "A power converter", "choice_d": "A rule-based AI system", "correct_answer": "B"}}, {"model": "courses.question", "pk": 38, "fields": {"quiz": 17, "text": "What is the primary purpose of React?", "choice_a": "To manage databases", "choice_b": "To build user interfaces", "choice_c": "To style components", "choice_d": "To define backend APIs", "correct_answer": "B"}}, {"model": "courses.question", "pk": 39, "fields": {"quiz": 17, "text": "Which hook is used to perform side effects in a component?", "choice_a": "useData()", "choice_b": "useState()", "choice_c": "useEffect()", "choice_d": "useRef()", "correct_answer": "C"}}, {"model": "courses.question", "pk": 40, "fields": {"quiz": 17, "text": "What is a major feature of Next.js?", "choice_a": "File-based routing", "choice_b": "Two-way data binding", "choice_c": "Manual DOM manipulation", "choice_d": "Built-in MongoDB", "correct_answer": "A"}}, {"model": "courses.question", "pk": 41, "fields": {"quiz": 17, "text": "What is the main advantage of using Redux?", "choice_a": "Styling flexibility", "choice_b": "Rich animations", "choice_c": "Global state management", "choice_d": "Better routing", "correct_answer": "C"}}, {"model": "courses.question", "pk": 42, "fields": {"quiz": 17, "text": "Which command is used to create a Next.js app in 2025?", "choice_a": "npx create-react-app my-app", "choice_b": "npm start nextjs", "choice_c": "next create project", "choice_d": "npx create-next-app@latest", "correct_answer": "D"}}, {"model": "courses.question", "pk": 43, "fields": {"quiz": 18, "text": "What is the correct way to declare a constant in JavaScript?", "choice_a": "var x = 5;", "choice_b": "const x = 5;", "choice_c": "x := 5", "choice_d": "int x = 5;", "correct_answer": "B"}}, {"model": "courses.question", "pk": 44, "fields": {"quiz": 18, "text": "What does === do in JavaScript?", "choice_a": "Compares value only", "choice_b": "Assigns a value", "choice_c": "Compares value and type", "choice_d": "Compares only types", "correct_answer": "C"}}, {"model": "courses.question", "pk": 45, "fields": {"quiz": 18, "text": "What is the output of:\n\nconsole.log(typeof null);", "choice_a": "\"null\"", "choice_b": "\"object\"", "choice_c": "\"undefined\"", "choice_d": "\"boolean\"", "correct_answer": "B"}}, {"model": "courses.question", "pk": 46, "fields": {"quiz": 18, "text": "How do you define an arrow function?", "choice_a": "function => {}", "choice_b": "const fn = => ()", "choice_c": "const fn = () => {}", "choice_d": "function fn() => {}", "correct_answer": "C"}}, {"model": "courses.question", "pk": 47, "fields": {"quiz": 18, "text": "What will this output?", "choice_a": "undefined", "choice_b": "error", "choice_c": "apple", "choice_d": "banana", "correct_answer": "D"}}, {"model": "courses.question", "pk": 48, "fields": {"quiz": 19, "text": "What does HTML stand for?", "choice_a": "Hyper Tool Markup Language", "choice_b": "Hyperlinks and Text Markup Language", "choice_c": "HyperText Markup Language", "choice_d": "Home Text Machine Language", "correct_answer": "C"}}, {"model": "courses.question", "pk": 49, "fields": {"quiz": 19, "text": "Which tag is used to link a CSS file?", "choice_a": "<script src=\"style.css\">", "choice_b": "<css>style.css</css>", "choice_c": "<style src=\"style.css\">", "choice_d": "<link rel=\"stylesheet\" href=\"style.css\">", "correct_answer": "D"}}, {"model": "courses.question", "pk": 50, "fields": {"quiz": 19, "text": "Which CSS property changes text color?", "choice_a": "background", "choice_b": "color", "choice_c": "text-style", "choice_d": "font", "correct_answer": "B"}}, {"model": "courses.question", "pk": 51, "fields": {"quiz": 19, "text": "What does document.querySelector() return?", "choice_a": "All elements", "choice_b": "An array", "choice_c": "The first matching element", "choice_d": "Nothing", "correct_answer": "C"}}, {"model": "courses.question", "pk": 52, "fields": {"quiz": 19, "text": "What is the default HTTP method in a browser form submission?", "choice_a": "GET", "choice_b": "POST", "choice_c": "PUT", "choice_d": "DELETE", "correct_answer": "A"}}, {"model": "courses.question", "pk": 53, "fields": {"quiz": 20, "text": "What does tokenization do in NLP?", "choice_a": "Translate text", "choice_b": "Count characters", "choice_c": "Split text into smaller units", "choice_d": "Convert text to numbers", "correct_answer": "C"}}, {"model": "courses.question", "pk": 54, "fields": {"quiz": 20, "text": "Which library provides word_tokenize?", "choice_a": "pandas", "choice_b": "nltk", "choice_c": "numpy", "choice_d": "keras", "correct_answer": "B"}}, {"model": "courses.question", "pk": 55, "fields": {"quiz": 20, "text": "What are stop words?", "choice_a": "Common words often filtered out", "choice_b": "Misspelled words", "choice_c": "Technical terms", "choice_d": "Programming keywords", "correct_answer": "A"}}, {"model": "courses.question", "pk": 56, "fields": {"quiz": 20, "text": "Which of these is a Transformer-based model?", "choice_a": "Word2Vec", "choice_b": "BERT", "choice_c": "Naive Bayes", "choice_d": "Logistic Regression", "correct_answer": "B"}}, {"model": "courses.question", "pk": 57, "fields": {"quiz": 20, "text": "What is the output of this code?\n\nfrom nltk.stem import PorterStemmer\nstemmer = PorterStemmer()\nprint(stemmer.stem(\"running\"))", "choice_a": "run", "choice_b": "running", "choice_c": "ran", "choice_d": "runs", "correct_answer": "A"}}, {"model": "courses.quizattempt", "pk": 25, "fields": {"quiz": 14, "student": ["rajanna5136"], "score": 1, "taken_on": "2026-07-01T07:11:27.011Z"}}, {"model": "courses.quizattempt", "pk": 26, "fields": {"quiz": 13, "student": ["rajanna5136"], "score": 1, "taken_on": "2026-07-03T19:42:13.126Z"}}, {"model": "admin.logentry", "pk": 169, "fields": {"action_time": "2025-07-20T09:45:18.355Z", "user": ["gowtham"], "content_type": ["users", "user"], "object_id": "11", "object_repr": "gowtham", "action_flag": 2, "change_message": "[{\"changed\": {\"fields\": [\"Role\"]}}]"}}, {"model": "admin.logentry", "pk": 170, "fields": {"action_time": "2025-07-20T09:46:05.250Z", "user": ["gowtham"], "content_type": ["users", "user"], "object_id": "9", "object_repr": "Sumanth", "action_flag": 2, "change_message": "[{\"changed\": {\"fields\": [\"password\"]}}]"}}, {"model": "admin.logentry", "pk": 171, "fields": {"action_time": "2025-07-20T09:46:12.649Z", "user": ["gowtham"], "content_type": ["users", "user"], "object_id": "9", "object_repr": "Sumanth", "action_flag": 2, "change_message": "[]"}}, {"model": "admin.logentry", "pk": 172, "fields": {"action_time": "2025-07-27T09:33:11.396Z", "user": ["gowtham"], "content_type": ["users", "user"], "object_id": "12", "object_repr": "Gowtham", "action_flag": 2, "change_message": "[{\"changed\": {\"fields\": [\"Username\"]}}]"}}, {"model": "admin.logentry", "pk": 173, "fields": {"action_time": "2025-07-27T10:02:11.241Z", "user": ["gowtham"], "content_type": ["courses", "course"], "object_id": "17", "object_repr": "Quantum computing - Quantum computing Processing with Python", "action_flag": 2, "change_message": "[{\"changed\": {\"fields\": [\"Title\", \"Price\"]}}]"}}, {"model": "admin.logentry", "pk": 174, "fields": {"action_time": "2025-07-27T10:11:16.347Z", "user": ["gowtham"], "content_type": ["courses", "payment"], "object_id": "35", "object_repr": "Payment object (35)", "action_flag": 2, "change_message": "[{\"changed\": {\"fields\": [\"Paid on\"]}}]"}}, {"model": "admin.logentry", "pk": 175, "fields": {"action_time": "2026-07-02T09:50:23.173Z", "user": ["mango"], "content_type": ["users", "user"], "object_id": "9", "object_repr": "Sumanth", "action_flag": 2, "change_message": "[{\"changed\": {\"fields\": [\"password\"]}}]"}}, {"model": "admin.logentry", "pk": 176, "fields": {"action_time": "2026-07-02T09:50:47.850Z", "user": ["mango"], "content_type": ["users", "user"], "object_id": "9", "object_repr": "Sumanth", "action_flag": 2, "change_message": "[{\"changed\": {\"fields\": [\"Email address\"]}}]"}}, {"model": "admin.logentry", "pk": 177, "fields": {"action_time": "2026-07-02T09:51:04.612Z", "user": ["mango"], "content_type": ["users", "user"], "object_id": "9", "object_repr": "Gowthamr", "action_flag": 2, "change_message": "[{\"changed\": {\"fields\": [\"Username\"]}}]"}}, {"model": "admin.logentry", "pk": 178, "fields": {"action_time": "2026-07-02T09:53:02.195Z", "user": ["mango"], "content_type": ["users", "user"], "object_id": "16", "object_repr": "mango", "action_flag": 2, "change_message": "[{\"changed\": {\"fields\": [\"Role\"]}}]"}}]